,true,pred
0,-0.5346291661262512,-0.5545693039894104
1,-0.511605978012085,-0.5024060010910034
2,-0.4919796288013458,-0.4758817255496979
3,-0.4542366564273834,-0.4627029001712799
4,-0.42668429017066956,-0.4275932013988495
5,-0.40064162015914917,-0.3995558023452759
6,-0.35384035110473633,-0.3699084222316742
7,-0.3232685327529907,-0.3179665207862854
8,-0.28892242908477783,-0.28187447786331177
9,-0.2300434112548828,-0.24454914033412933
10,-0.17191922664642334,-0.18946526944637299
11,-0.1273825317621231,-0.15575525164604187
12,-0.09643328934907913,-0.09343661367893219
13,-0.04170598089694977,-0.045246269553899765
14,-0.013021324761211872,0.005790616385638714
15,0.023211926221847534,0.03007850982248783
16,0.09643328934907913,0.048284824937582016
17,0.1688997894525528,0.12469450384378433
18,0.19984902441501617,0.1970570981502533
19,0.1994715929031372,0.22780387103557587
20,0.22173994779586792,0.21850153803825378
21,0.23910172283649445,0.23205670714378357
22,0.2881675660610199,0.24248602986335754
23,0.32402339577674866,0.29972222447395325
24,0.32062652707099915,0.34342309832572937
25,0.3330817222595215,0.3388461768627167
26,0.336478590965271,0.34350094199180603
27,0.3198716640472412,0.348778635263443
28,0.32892999053001404,0.3319123089313507
29,0.3259105384349823,0.34004539251327515
30,0.35346290469169617,0.3343941271305084
31,0.38214758038520813,0.36200645565986633
32,0.40101906657218933,0.3996008038520813
33,0.39120587706565857,0.41209009289741516
34,0.39724475145339966,0.39546018838882446
35,0.37837326526641846,0.398751437664032
36,0.34893375635147095,0.37108418345451355
37,0.3379882872104645,0.34061291813850403
38,0.33459141850471497,0.33003175258636475
39,0.32742026448249817,0.3236067593097687
40,0.30401962995529175,0.3291417062282562
41,0.29798075556755066,0.31087976694107056
42,0.296093612909317,0.2901478409767151
43,0.2900547385215759,0.2843064069747925
44,0.2666540741920471,0.2858538329601288
45,0.22702395915985107,0.26502877473831177
46,0.23759199678897858,0.22551649808883667
47,0.22513681650161743,0.22996169328689575
48,0.20739762485027313,0.22589629888534546
49,0.1911681443452835,0.21426409482955933
50,0.17456123232841492,0.1995096206665039
51,0.16248348355293274,0.1738610565662384
52,0.15078316628932953,0.1673937439918518
53,0.15795433521270752,0.16646458208560944
54,0.1677675098180771,0.17818550765514374
55,0.14814116060733795,0.1968277394771576
56,0.2043781876564026,0.19249680638313293
57,0.17758066952228546,0.2711990773677826
58,0.3115682303905487,0.2905541658401489
59,0.49386677145957947,0.46110963821411133
60,0.6048310995101929,0.6163913011550903
61,0.6897527575492859,0.6817466616630554
62,0.7108888626098633,0.7427778840065002
63,0.7218343019485474,0.7405673861503601
64,0.7225891947746277,0.7368068695068359
65,0.7207019925117493,0.7409868240356445
66,0.6973013877868652,0.7447285652160645
67,0.7222117185592651,0.7293301224708557
68,0.7384412288665771,0.7502837777137756
69,0.7599546909332275,0.7553821206092834
70,0.7588224411010742,0.7645539045333862
71,0.7720324397087097,0.7626562714576721
72,0.7637289762496948,0.7766462564468384
73,0.7758067846298218,0.7657434344291687
74,0.7939233779907227,0.7884999513626099
75,0.8052462935447693,0.7985255122184753
76,0.8214757442474365,0.8102469444274902
77,0.8192111849784851,0.8240563273429871
78,0.7973202466964722,0.7921708822250366
79,0.7652387022972107,0.7581705451011658
80,0.752406120300293,0.7394892573356628
81,0.7176826000213623,0.7313864231109619
82,0.6889979243278503,0.6853150725364685
83,0.6493678092956543,0.6685628890991211
84,0.6074731349945068,0.6293693780899048
85,0.5904887914657593,0.5913516283035278
86,0.551236093044281,0.5517210364341736
87,0.5066993832588196,0.503236711025238
88,0.45838838815689087,0.45385631918907166
89,0.3946027457714081,0.4133022427558899
90,0.33572372794151306,0.3499048352241516
91,0.2553311884403229,0.27953213453292847
92,0.20588789880275726,0.19416102766990662
93,0.1145499125123024,0.15515175461769104
94,0.05642573907971382,0.05537853762507439
95,0.020947348326444626,-0.0027258379850536585
96,-0.017173051834106445,-0.04759839549660683
97,-0.0707680732011795,-0.08464387059211731
98,-0.13077938556671143,-0.11950743198394775
99,-0.1722966581583023,-0.1768520325422287
100,-0.21343649923801422,-0.23230135440826416
101,-0.24136629700660706,-0.2703096568584442
102,-0.2677863836288452,-0.29312634468078613
103,-0.31685224175453186,-0.31751030683517456
104,-0.3398754596710205,-0.363347589969635
105,-0.37724098563194275,-0.37985286116600037
106,-0.3825249969959259,-0.40888476371765137
107,-0.3893187344074249,-0.4110255241394043
108,-0.39950934052467346,-0.4190743863582611
109,-0.41158708930015564,-0.4226313531398773
110,-0.42894884943962097,-0.42973020672798157
111,-0.43272316455841064,-0.4439601004123688
112,-0.456878662109375,-0.4447322487831116
113,-0.45763352513313293,-0.47113198041915894
114,-0.46103039383888245,-0.4628985822200775
115,-0.47763729095458984,-0.4716646075248718
116,-0.5029250979423523,-0.4808134436607361
117,-0.5014153718948364,-0.5019228458404541
118,-0.5025476217269897,-0.5062133073806763
119,-0.49650877714157104,-0.5064414143562317
120,-0.49386677145957947,-0.48810845613479614
121,-0.482921302318573,-0.48908111453056335
122,-0.4840535819530487,-0.4827108681201935
123,-0.4912247657775879,-0.48149222135543823
124,-0.4980185031890869,-0.47972571849823
125,-0.49537649750709534,-0.48981064558029175
126,-0.48141157627105713,-0.4922100305557251
127,-0.4885827600955963,-0.46308737993240356
128,-0.47499528527259827,-0.4678286015987396
129,-0.4629175364971161,-0.4490690231323242
130,-0.4531043469905853,-0.440914124250412
131,-0.3851670026779175,-0.4335514008998871
132,-0.33949801325798035,-0.3482896387577057
133,-0.3315719962120056,-0.2961457073688507
134,-0.3259105384349823,-0.31294897198677063
135,-0.29798075556755066,-0.3176315724849701
136,-0.27797698974609375,-0.29012972116470337
137,-0.2972258925437927,-0.2726043462753296
138,-0.3285525441169739,-0.2908000648021698
139,-0.3610115051269531,-0.3278961777687073
140,-0.3742215633392334,-0.36884012818336487
141,-0.37950557470321655,-0.3920844793319702
142,-0.39120587706565857,-0.38870927691459656
143,-0.3870541751384735,-0.38334882259368896
144,-0.33723345398902893,-0.3652403950691223
145,-0.2987356185913086,-0.29739123582839966
146,-0.25419890880584717,-0.24808025360107422
147,-0.2338176965713501,-0.20951177179813385
148,-0.2055104672908783,-0.20293501019477844
149,-0.1855067014694214,-0.18031464517116547
150,-0.15153802931308746,-0.1540350764989853
151,-0.09907529503107071,-0.11977895349264145
152,-0.07114549726247787,-0.05897645652294159
153,-0.02962823212146759,-0.02593083120882511
154,-0.003963011782616377,0.018339624628424644
155,0.03491224721074104,0.036546215415000916
156,0.09039441496133804,0.06814846396446228
157,0.11983393132686615,0.1288813054561615
158,0.16927722096443176,0.15760070085525513
159,0.19456501305103302,0.20850129425525665
160,0.20249103009700775,0.23046447336673737
161,0.23344026505947113,0.23394155502319336
162,0.242121160030365,0.25902581214904785
163,0.2866578698158264,0.26267191767692566
164,0.3285525441169739,0.30706271529197693
165,0.38214758038520813,0.3498813509941101
166,0.39233818650245667,0.39037638902664185
167,0.4263068437576294,0.39545702934265137
168,0.40932250022888184,0.4253891110420227
169,0.4142290949821472,0.41012224555015564
170,0.42932629585266113,0.42875632643699646
171,0.4414040446281433,0.4264773726463318
172,0.43385544419288635,0.43392881751060486
173,0.4417814612388611,0.4341161251068115
174,0.4478203356266022,0.4426501393318176
175,0.4542366564273834,0.43342384696006775
176,0.43008115887641907,0.43876904249191284
177,0.4070579409599304,0.41696348786354065
178,0.4180034101009369,0.40180590748786926
179,0.43045857548713684,0.40833988785743713
180,0.4142290949821472,0.40773117542266846
181,0.40932250022888184,0.37600624561309814
182,0.3719569742679596,0.3850844204425812
183,0.3485563397407532,0.3600209057331085
184,0.35723721981048584,0.3443520963191986
185,0.36440837383270264,0.3399888873100281
186,0.35459521412849426,0.3514676094055176
187,0.35233062505722046,0.34801918268203735
188,0.33006227016448975,0.3531591594219208
189,0.29571616649627686,0.3239544630050659
190,0.29118701815605164,0.28497442603111267
191,0.30175504088401794,0.286459356546402
192,0.29231929779052734,0.297284871339798
193,0.28967729210853577,0.3000786006450653
194,0.3025099039077759,0.30093953013420105
195,0.3176071047782898,0.3149567246437073
196,0.3255331218242645,0.3324270248413086
197,0.30401962995529175,0.3522089123725891
198,0.29194188117980957,0.33635810017585754
199,0.3236459791660309,0.32836294174194336
200,0.40064162015914917,0.3671833276748657
201,0.4946216344833374,0.4759681820869446
202,0.5674655437469482,0.6048770546913147
203,0.7546706795692444,0.7183306217193604
204,0.8599735498428345,0.8788269758224487
205,0.8962068557739258,0.9126575589179993
206,0.9090394377708435,0.9103135466575623
207,0.9339498281478882,0.9098039865493774
208,0.9245140552520752,0.9282711744308472
209,0.9271560907363892,0.9185770750045776
210,0.9347046613693237,0.9244661927223206
211,0.941120982170105,0.9355781674385071
212,0.9286657571792603,0.93840092420578
213,0.9033780097961426,0.917168915271759
214,0.8973391056060791,0.8767394423484802
215,0.8965842723846436,0.862363874912262
216,0.8913002610206604,0.8673760890960693
217,0.9143234491348267,0.8815245032310486
218,0.924891471862793,0.9167991280555725
219,0.9139460325241089,0.9230189919471741
220,0.893187403678894,0.9015129208564758
221,0.8758256435394287,0.8694865703582764
222,0.8505378365516663,0.8396532535552979
223,0.8358180522918701,0.7991716265678406
224,0.8086431622505188,0.7936251163482666
225,0.778448760509491,0.7734608054161072
226,0.7490092515945435,0.7420917749404907
227,0.7022079825401306,0.7032819390296936
228,0.6505001187324524,0.6562065482139587
229,0.6184185743331909,0.6038334965705872
230,0.573127031326294,0.5664016604423523
231,0.5199094414710999,0.5210630893707275
232,0.4651820957660675,0.4719301164150238
233,0.4085676670074463,0.4256128668785095
234,0.32892999053001404,0.3631754517555237
235,0.28175127506256104,0.267841100692749
236,0.2326854169368744,0.2324073314666748
237,0.16210605204105377,0.1816210150718689
238,0.08926212787628174,0.12135259062051773
239,0.03000566177070141,0.0466509573161602
240,-0.013021324761211872,-0.01769515872001648
241,-0.06623890995979309,-0.057999592274427414
242,-0.11115305125713348,-0.11245083063840866
243,-0.154557466506958,-0.151804581284523
244,-0.20249103009700775,-0.19437846541404724
245,-0.23796942830085754,-0.2339683473110199
246,-0.268163800239563,-0.2665809094905853
247,-0.3036421835422516,-0.2935887575149536
248,-0.33459141850471497,-0.3232320249080658
249,-0.3504434823989868,-0.34032323956489563
250,-0.362521231174469,-0.363126277923584
251,-0.3798829913139343,-0.3785794675350189
252,-0.40819022059440613,-0.3936300277709961
253,-0.41762596368789673,-0.4159961938858032
254,-0.42064541578292847,-0.41460081934928894
255,-0.4380071759223938,-0.42282336950302124
256,-0.4546140730381012,-0.4439500868320465
257,-0.46442726254463196,-0.4515630006790161
258,-0.4723532795906067,-0.46035900712013245
259,-0.4806567132472992,-0.46605101227760315
260,-0.49160218238830566,-0.4784787595272064
261,-0.49537649750709534,-0.48855194449424744
262,-0.4983959197998047,-0.48575863242149353
263,-0.4912247657775879,-0.48700055480003357
264,-0.5014153718948364,-0.4821704626083374
265,-0.49650877714157104,-0.49383464455604553
266,-0.4874504506587982,-0.4874363839626312
267,-0.49386677145957947,-0.48519080877304077
268,-0.4889601767063141,-0.48926055431365967
269,-0.4825438857078552,-0.4761362373828888
270,-0.463672399520874,-0.4757695496082306
271,-0.4580109417438507,-0.4495007395744324
272,-0.43574258685112,-0.43948301672935486
273,-0.43762972950935364,-0.4131110906600952
274,-0.4312134385108948,-0.41684091091156006
275,-0.36327609419822693,-0.42269790172576904
276,-0.31345537304878235,-0.33740806579589844
277,-0.30779391527175903,-0.27873921394348145
278,-0.3115682303905487,-0.2898435890674591
279,-0.2976033091545105,-0.30541810393333435
280,-0.3142102360725403,-0.287757009267807
281,-0.3425174653530121,-0.30872178077697754
282,-0.3825249969959259,-0.3430853486061096
283,-0.41724854707717896,-0.38853663206100464
284,-0.442536324262619,-0.4348367750644684
285,-0.4478203356266022,-0.4723964035511017
286,-0.4534817934036255,-0.4559903144836426
287,-0.4474429190158844,-0.4348553419113159
288,-0.40781280398368835,-0.4169691801071167
289,-0.3402528762817383,-0.3711775839328766
290,-0.29345160722732544,-0.29951712489128113
291,-0.2575957775115967,-0.2576102614402771
292,-0.21305906772613525,-0.22282648086547852
293,-0.1677675098180771,-0.18179424107074738
294,-0.12436308711767197,-0.14434927701950073
295,-0.08548782765865326,-0.10276777297258377
296,-0.05680317059159279,-0.055040981620550156
297,-0.03491224721074104,-0.01452073734253645
298,0.010379317216575146,0.006530468352138996
299,0.029250802472233772,0.03930604085326195
300,0.06246461719274521,0.08104704320430756
301,0.09718814492225647,0.10557518154382706
302,0.13153424859046936,0.12406910955905914
303,0.10247216373682022,0.15897279977798462
304,-0.028873372822999954,0.1409832388162613
305,-0.010756746865808964,0.019957248121500015
306,-0.0005661442992277443,0.03984377533197403
307,0.02585393376648426,0.0339822918176651
308,0.051519155502319336,0.05809739604592323
309,0.07982638478279114,0.0930662453174591
310,0.09605585783720016,0.11927220970392227
311,0.0968107208609581,0.13393764197826385
312,0.10020758956670761,0.1322547197341919
313,0.1322891116142273,0.12325097620487213
314,0.14210228621959686,0.14993298053741455
315,0.15719947218894958,0.1609143167734146
316,0.14965087175369263,0.1754811406135559
317,0.13719569146633148,0.15933004021644592
318,0.15606717765331268,0.13822470605373383
319,0.1711643636226654,0.15351951122283936
320,0.1583317667245865,0.17395278811454773
321,0.15984147787094116,0.16241329908370972
322,0.16588035225868225,0.159237340092659
323,0.1688997894525528,0.16404849290847778
324,0.16474807262420654,0.1676790565252304
325,0.1855067014694214,0.1699979156255722
326,0.2206076681613922,0.16394023597240448
327,0.2266465425491333,0.2093503326177597
328,0.21230420470237732,0.23429061472415924
329,0.24816003441810608,0.23137465119361877
330,0.2670315206050873,0.26004260778427124
331,0.2658992409706116,0.27137115597724915
332,0.2998678982257843,0.27092108130455017
333,0.2523117661476135,0.3138718903064728
334,0.26854124665260315,0.2633613646030426
335,0.2560860514640808,0.27940651774406433
336,0.2221173793077469,0.2692388892173767
337,0.20475561916828156,0.2399938851594925
338,0.22513681650161743,0.21918120980262756
339,0.21985280513763428,0.24035882949829102
340,0.19909416139125824,0.26063278317451477
341,0.19456501305103302,0.2363755851984024
342,0.22815625369548798,0.22970281541347504
343,0.268163800239563,0.27928978204727173
344,0.32779771089553833,0.3348153829574585
345,0.4142290949821472,0.4199119508266449
346,0.5448197722434998,0.5116044878959656
347,0.7082468271255493,0.6714308857917786
348,0.8210983276367188,0.8353798985481262
349,0.8871484994888306,0.8822755217552185
350,0.9233817458152771,0.8841479420661926
351,0.9131911396980286,0.8985374569892883
352,0.9060199856758118,0.892270565032959
353,0.9214946031570435,0.8973817229270935
354,0.9075297117233276,0.907250165939331
355,0.8826193809509277,0.8871084451675415
356,0.860351026058197,0.8689238429069519
357,0.8531798720359802,0.8491966724395752
358,0.8524249792098999,0.8335251212120056
359,0.8516701459884644,0.8274354934692383
360,0.8414795398712158,0.8298341631889343
361,0.866012454032898,0.8308512568473816
362,0.8992262482643127,0.8672145009040833
363,0.8856387734413147,0.903829038143158
364,0.8524249792098999,0.8711104393005371
365,0.8558218479156494,0.8274630904197693
366,0.879599928855896,0.8211483955383301
367,0.8645027279853821,0.8457897305488586
368,0.8218531608581543,0.838747501373291
369,0.7935459613800049,0.7930553555488586
370,0.7742970585823059,0.7634217143058777
371,0.7444800734519958,0.7435144782066345
372,0.7105114459991455,0.7170034050941467
373,0.6663521528244019,0.6735828518867493
374,0.6135119795799255,0.6296514272689819
375,0.5802981853485107,0.5741702914237976
376,0.5233063101768494,0.5485011339187622
377,0.4448009133338928,0.49215593934059143
378,0.3613889515399933,0.4089159369468689
379,0.3032647669315338,0.30325552821159363
380,0.24174372851848602,0.25712499022483826
381,0.154557466506958,0.20728279650211334
382,0.08511039614677429,0.12143494933843613
383,0.02396678738296032,0.05080648139119148
384,-0.01339875441044569,-0.027637017890810966
385,-0.07378751039505005,-0.04901114106178284
386,-0.11794678121805191,-0.1059027761220932
387,-0.15267030894756317,-0.14879339933395386
388,-0.19305528700351715,-0.18358692526817322
389,-0.2360822856426239,-0.228071928024292
390,-0.2726929485797882,-0.27081209421157837
391,-0.30288735032081604,-0.2984822392463684
392,-0.32666540145874023,-0.326778382062912
393,-0.35006603598594666,-0.34440913796424866
394,-0.3791281282901764,-0.37107738852500916
395,-0.4002642035484314,-0.3998790979385376
396,-0.4047933518886566,-0.41725102066993713
397,-0.4146065413951874,-0.42263564467430115
398,-0.43989431858062744,-0.43432798981666565
399,-0.4523495137691498,-0.4429827630519867
400,-0.46480467915534973,-0.4487266540527344
401,-0.45989808440208435,-0.45948484539985657
402,-0.4666918218135834,-0.4542213976383209
403,-0.4542366564273834,-0.4643022418022156
404,-0.4595206677913666,-0.4465470016002655
405,-0.46593695878982544,-0.45604807138442993
406,-0.4697112739086151,-0.45768821239471436
407,-0.48820531368255615,-0.46421244740486145
408,-0.4806567132472992,-0.4816170930862427
409,-0.4712209701538086,-0.4777103662490845
410,-0.47273069620132446,-0.462775856256485
411,-0.47537270188331604,-0.4583907127380371
412,-0.4900924563407898,-0.46289461851119995
413,-0.4795244336128235,-0.48248279094696045
414,-0.4602755308151245,-0.46440547704696655
415,-0.4625400900840759,-0.4436887204647064
416,-0.4402717351913452,-0.44780874252319336
417,-0.4312134385108948,-0.4139913022518158
418,-0.4085676670074463,-0.4000804126262665
419,-0.35346290469169617,-0.3747957646846771
420,-0.3160973787307739,-0.306094229221344
421,-0.2847706973552704,-0.2841416299343109
422,-0.2809964120388031,-0.2739837169647217
423,-0.2775995433330536,-0.2775896489620209
424,-0.2742026746273041,-0.2740650177001953
425,-0.30628421902656555,-0.26478487253189087
426,-0.348178893327713,-0.3032664358615875
427,-0.38441213965415955,-0.3550030589103699
428,-0.41120967268943787,-0.3944661617279053
429,-0.4383845925331116,-0.43303272128105164
430,-0.4402717351913452,-0.4548903703689575
431,-0.43272316455841064,-0.4351849853992462
432,-0.3881864547729492,-0.41154494881629944
433,-0.3444046080112457,-0.3507092595100403
434,-0.3115682303905487,-0.2914797067642212
435,-0.24061143398284912,-0.26703396439552307
436,-0.17493866384029388,-0.20816153287887573
437,-0.16965465247631073,-0.15818724036216736
438,-0.1062464639544487,-0.15038272738456726
439,-0.06548405438661575,-0.07225917279720306
440,-0.028118513524532318,-0.035429392009973526
441,-0.042460840195417404,-0.005596587434411049
442,-0.006227589678019285,-0.011877770535647869
443,0.05453859269618988,0.04344742372632027
444,0.1062464639544487,0.07553569972515106
445,0.14851859211921692,0.11050335317850113
446,0.17456123232841492,0.17353025078773499
447,0.17871296405792236,0.21047580242156982
448,0.20588789880275726,0.20990478992462158
449,0.24891488254070282,0.22672787308692932
450,0.27948668599128723,0.26276713609695435
451,0.30854877829551697,0.29198935627937317
452,0.34327232837677,0.323725163936615
453,0.34515947103500366,0.3495098054409027
454,0.33949801325798035,0.33774349093437195
455,0.3613889515399933,0.34461459517478943
456,0.3610115051269531,0.3657345175743103
457,0.36667296290397644,0.35693347454071045
458,0.35723721981048584,0.3751274347305298
459,0.3730892539024353,0.3632948398590088
460,0.3764861226081848,0.36644065380096436
461,0.3825249969959259,0.3732358515262604
462,0.36516323685646057,0.3765638768672943
463,0.3957350552082062,0.3497315049171448
464,0.41045480966567993,0.3758692145347595
465,0.3896961808204651,0.3897233009338379
466,0.39233818650245667,0.3722645342350006
467,0.3764861226081848,0.3717364966869354
468,0.35572749376296997,0.3421662747859955
469,0.3704472482204437,0.3243028223514557
470,0.3421400189399719,0.36366626620292664
471,0.33345913887023926,0.32847845554351807
472,0.3176071047782898,0.3039376437664032
473,0.32062652707099915,0.28621822595596313
474,0.3213813900947571,0.29169198870658875
475,0.3119456470012665,0.3007688522338867
476,0.29194188117980957,0.2994396686553955
477,0.2515569031238556,0.27357882261276245
478,0.25646349787712097,0.2161373794078827
479,0.234949991106987,0.2321639209985733
480,0.21683336794376373,0.21431632339954376
481,0.2206076681613922,0.21282009780406952
482,0.21645593643188477,0.22520267963409424
483,0.2194753736257553,0.21106591820716858
484,0.227778822183609,0.2273786962032318
485,0.2183430790901184,0.2432880699634552
486,0.2206076681613922,0.24897728860378265
487,0.24363087117671967,0.2580563724040985
488,0.32515567541122437,0.29549917578697205
489,0.39045101404190063,0.40094801783561707
490,0.5123608112335205,0.49986135959625244
491,0.6727684736251831,0.6543055176734924
492,0.8290243148803711,0.8000207543373108
493,0.8814870715141296,0.9130942225456238
494,0.8984714150428772,0.9252882599830627
495,0.9067748785018921,0.9164515137672424
496,0.9067748785018921,0.9020353555679321
497,0.9060199856758118,0.8993094563484192
498,0.9045102596282959,0.9257631897926331
499,0.9026231169700623,0.9354974627494812
500,0.892055094242096,0.9331305027008057
501,0.9026231169700623,0.9090628623962402
502,0.8924325108528137,0.905538022518158
503,0.8924325108528137,0.8943212628364563
504,0.8784676194190979,0.901146411895752
505,0.8860162496566772,0.8841087222099304
506,0.9188526272773743,0.9002402424812317
507,0.9120588898658752,0.9240074157714844
508,0.8939422369003296,0.902289092540741
509,0.866012454032898,0.8879543542861938
510,0.8324211835861206,0.8447452783584595
511,0.8331760764122009,0.7956755757331848
512,0.8184562921524048,0.8002130389213562
513,0.782600462436676,0.790488600730896
514,0.7520287036895752,0.7672602534294128
515,0.7059822678565979,0.7339637279510498
516,0.6780524849891663,0.6794850826263428
517,0.652387261390686,0.6571375727653503
518,0.6161540150642395,0.6348167061805725
519,0.5451971888542175,0.5896515250205994
520,0.48707303404808044,0.5007569789886475
521,0.4451783299446106,0.44587427377700806
522,0.38327986001968384,0.4061254560947418
523,0.30175504088401794,0.3460184335708618
524,0.2126816362142563,0.26583683490753174
525,0.14021512866020203,0.15963973104953766
526,0.09492357075214386,0.08615139871835709
527,0.032647669315338135,0.06826020032167435
528,-0.0032081524841487408,0.0074922386556863785
529,-0.05340630188584328,-0.03463612124323845
530,-0.10133987665176392,-0.08468982577323914
531,-0.14247971773147583,-0.13759560883045197
532,-0.1994715929031372,-0.1726841926574707
533,-0.21683336794376373,-0.22712954878807068
534,-0.2443857342004776,-0.24747847020626068
535,-0.2798641324043274,-0.269968181848526
536,-0.30062276124954224,-0.29276174306869507
537,-0.32402339577674866,-0.31562647223472595
538,-0.3376108705997467,-0.34167006611824036
539,-0.37271183729171753,-0.3462076783180237
540,-0.3908284604549408,-0.385334849357605
541,-0.42064541578292847,-0.40007758140563965
542,-0.42215511202812195,-0.42585915327072144
543,-0.4251745641231537,-0.42527738213539124
544,-0.43045857548713684,-0.4206770360469818
545,-0.4414040446281433,-0.4274885952472687
546,-0.4463106393814087,-0.4322371184825897
547,-0.45159465074539185,-0.437298059463501
548,-0.4580109417438507,-0.45266541838645935
549,-0.46442726254463196,-0.45739802718162537
550,-0.4946216344833374,-0.459478497505188
551,-0.4863181710243225,-0.4904293119907379
552,-0.4912247657775879,-0.47752633690834045
553,-0.49273449182510376,-0.4892530143260956
554,-0.5048122406005859,-0.48555222153663635
555,-0.502170205116272,-0.49128401279449463
556,-0.476127564907074,-0.49114498496055603
557,-0.468578964471817,-0.46904221177101135
558,-0.44819778203964233,-0.4564495086669922
559,-0.4406491816043854,-0.44123125076293945
560,-0.42932629585266113,-0.4229523539543152
561,-0.41385167837142944,-0.4001210033893585
562,-0.3976221978664398,-0.39412468671798706
563,-0.3353462815284729,-0.378356009721756
564,-0.30779391527175903,-0.29718121886253357
565,-0.2843932807445526,-0.2717157304286957
566,-0.3093036413192749,-0.2631628215312958
567,-0.2926967442035675,-0.30744829773902893
568,-0.2843932807445526,-0.2933942675590515
569,-0.3096810579299927,-0.2816725969314575
570,-0.35836949944496155,-0.31027930974960327
571,-0.38554444909095764,-0.3681868314743042
572,-0.40819022059440613,-0.3998449444770813
573,-0.40215134620666504,-0.4292157292366028
574,-0.3934704661369324,-0.4042052626609802
575,-0.39950934052467346,-0.3746761679649353
576,-0.376863569021225,-0.37277957797050476
577,-0.32892999053001404,-0.34255462884902954
578,-0.28514814376831055,-0.2909156084060669
579,-0.2572183310985565,-0.24872082471847534
580,-0.234949991106987,-0.21847820281982422
581,-0.19192300736904144,-0.20151320099830627
582,-0.10888846963644028,-0.15677407383918762
583,-0.06170975789427757,-0.0810810923576355
584,-0.028495943173766136,0.00025323289446532726
585,-0.002075863303616643,0.031043287366628647
586,0.03755425661802292,0.025783656165003777
587,0.03377996012568474,0.05705137550830841
588,0.08926212787628174,0.05730677396059036
589,0.15153802931308746,0.11393381655216217
590,0.20513305068016052,0.17104831337928772
591,0.23910172283649445,0.2336205244064331
592,0.2617475092411041,0.2732168734073639
593,0.28175127506256104,0.29582253098487854
594,0.29911303520202637,0.30335381627082825
595,0.3353462815284729,0.29799866676330566
596,0.35346290469169617,0.33970415592193604
597,0.3742215633392334,0.368297815322876
598,0.3934704661369324,0.3915802836418152
599,0.4051707983016968,0.4068564176559448
600,0.39498019218444824,0.4104032516479492
601,0.38177013397216797,0.4018123745918274
602,0.3802604377269745,0.3883122205734253
603,0.3964899182319641,0.38590723276138306
604,0.3976221978664398,0.3968805968761444
605,0.3813927173614502,0.3709893524646759
606,0.3791281282901764,0.3780750334262848
607,0.37271183729171753,0.3983957767486572
608,0.37459897994995117,0.37760117650032043
609,0.37950557470321655,0.36952799558639526
610,0.3708246946334839,0.3711366653442383
611,0.3685601055622101,0.3670564293861389
612,0.3485563397407532,0.36504581570625305
613,0.3338365852832794,0.33933132886886597
614,0.32666540145874023,0.3232124149799347
615,0.3285525441169739,0.3235419988632202
616,0.3391205966472626,0.32784146070480347
617,0.32779771089553833,0.32555311918258667
618,0.34553688764572144,0.3185206949710846
619,0.3338365852832794,0.34059059619903564
620,0.31081336736679077,0.33019736409187317
621,0.31836196780204773,0.30398574471473694
622,0.3198716640472412,0.3204350471496582
623,0.3187393844127655,0.32153043150901794
624,0.3285525441169739,0.320449560880661
625,0.33119457960128784,0.33595728874206543
626,0.36176636815071106,0.34188491106033325
627,0.3387431502342224,0.3843471109867096
628,0.33949801325798035,0.3712543249130249
629,0.35572749376296997,0.36829185485839844
630,0.36667296290397644,0.381779283285141
631,0.39988675713539124,0.41199108958244324
632,0.44819778203964233,0.4597274959087372
633,0.522551417350769,0.5174869894981384
634,0.6274768710136414,0.6248356103897095
635,0.7927910685539246,0.7534547448158264
636,0.9079071283340454,0.907552182674408
637,0.9977354407310486,0.9721359610557556
638,0.9867899417877197,1.0069668292999268
639,0.9830156564712524,0.9817517399787903
640,0.9592375755310059,0.9703572988510132
641,0.9550858736038208,0.9539985656738281
642,0.950934112071991,0.9455832242965698
643,0.980751097202301,0.9439554214477539
644,0.973957359790802,0.9791175723075867
645,0.9467824101448059,0.962327778339386
646,0.918097734451294,0.9220209717750549
647,0.9165880084037781,0.8948789238929749
648,0.9162105917930603,0.8906630873680115
649,0.9550858736038208,0.8985647559165955
650,0.9558407068252563,0.9585790038108826
651,0.9494244456291199,0.9443367123603821
652,0.9354594945907593,0.9190714955329895
653,0.8818644881248474,0.9019935131072998
654,0.8690319061279297,0.8395082950592041
655,0.8290243148803711,0.8201279044151306
656,0.7810907959938049,0.7781758308410645
657,0.7607095837593079,0.7347429394721985
658,0.7259860634803772,0.7163256406784058
659,0.6780524849891663,0.6964287161827087
660,0.6278542876243591,0.6608036756515503
661,0.6029439568519592,0.5974005460739136
662,0.5874693393707275,0.56444251537323
663,0.5123608112335205,0.5440521836280823
664,0.46216267347335815,0.4640737771987915
665,0.42328742146492004,0.42271989583969116
666,0.36780524253845215,0.37722378969192505
667,0.31458765268325806,0.32226598262786865
668,0.2560860514640808,0.2783709168434143
669,0.19531987607479095,0.214907705783844
670,0.1345536857843399,0.14878009259700775
671,0.07605208456516266,0.07758807390928268
672,0.020569918677210808,0.008370555937290192
673,-0.03566710650920868,-0.02535300701856613
674,-0.08246839046478271,-0.06696870177984238
675,-0.11983393132686615,-0.10897879302501678
676,-0.16248348355293274,-0.14792172610759735
677,-0.21154934167861938,-0.1942972093820572
678,-0.24740517139434814,-0.24129833281040192
679,-0.27005094289779663,-0.2799648940563202
680,-0.2859030067920685,-0.2959881126880646
681,-0.3210039734840393,-0.30512452125549316
682,-0.3444046080112457,-0.32317256927490234
683,-0.3621438145637512,-0.34592604637145996
684,-0.3979996144771576,-0.3672987222671509
685,-0.40894508361816406,-0.4046935737133026
686,-0.4263068437576294,-0.41646984219551086
687,-0.4417814612388611,-0.4294644892215729
688,-0.44593319296836853,-0.4467761218547821
689,-0.4534817934036255,-0.44683408737182617
690,-0.45838838815689087,-0.4496940076351166
691,-0.48707303404808044,-0.45615676045417786
692,-0.4991507828235626,-0.4808182418346405
693,-0.5059444904327393,-0.49527278542518616
694,-0.5051896572113037,-0.5108249187469482
695,-0.49424418807029724,-0.5119867920875549
696,-0.4983959197998047,-0.493287593126297
697,-0.5142479538917542,-0.48800167441368103
698,-0.5206642746925354,-0.5092977285385132
699,-0.5108510851860046,-0.523023784160614
700,-0.4949990510940552,-0.5057368278503418
701,-0.489715039730072,-0.4853997230529785
702,-0.47273069620132446,-0.48167380690574646
703,-0.46442726254463196,-0.47127363085746765
704,-0.4478203356266022,-0.45678049325942993
705,-0.4485751986503601,-0.42896848917007446
706,-0.43725231289863586,-0.43009087443351746
707,-0.3791281282901764,-0.41787129640579224
708,-0.3349688649177551,-0.3502676486968994
709,-0.3613889515399933,-0.31294581294059753
710,-0.35723721981048584,-0.3477485477924347
711,-0.35950177907943726,-0.3454359471797943
712,-0.3870541751384735,-0.3618287742137909
713,-0.4202679693698883,-0.390541136264801
714,-0.45272693037986755,-0.41761893033981323
715,-0.468578964471817,-0.45404544472694397
716,-0.47386300563812256,-0.47140151262283325
717,-0.45272693037986755,-0.47993311285972595
718,-0.4259294271469116,-0.4544046223163605
719,-0.42668429017066956,-0.40359583497047424
720,-0.43385544419288635,-0.4014451801776886
721,-0.383657306432724,-0.40085479617118835
722,-0.33685600757598877,-0.3528692126274109
723,-0.29458388686180115,-0.3241818845272064
724,-0.24702773988246918,-0.2732469141483307
725,-0.18399697542190552,-0.20942243933677673
726,-0.14436686038970947,-0.1495009809732437
727,-0.10096244513988495,-0.11058982461690903
728,-0.040196262300014496,-0.05629320070147514
729,0.010379317216575146,-0.005745813250541687
730,0.043970558792352676,0.038169823586940765
731,0.06812606006860733,0.08177296817302704
732,0.11832421272993088,0.0981031283736229
733,0.15606717765331268,0.14227931201457977
734,0.18361954391002655,0.18053722381591797
735,0.2160785049200058,0.20893031358718872
736,0.2398565709590912,0.23822148144245148
737,0.2832610011100769,0.25823676586151123
738,0.31722965836524963,0.3068135380744934
739,0.3398754596710205,0.33502861857414246
740,0.341385155916214,0.35021287202835083
741,0.35836949944496155,0.34361547231674194
742,0.3681826889514923,0.3644489347934723
743,0.3825249969959259,0.3763980269432068
744,0.362521231174469,0.3899586498737335
745,0.3402528762817383,0.37157028913497925
746,0.3025099039077759,0.3530789911746979
747,0.29345160722732544,0.3164600133895874
748,0.2772221267223358,0.3005562424659729
749,0.28175127506256104,0.2733161449432373
750,0.25684091448783875,0.27787071466445923
751,0.25910550355911255,0.26690906286239624
752,0.3270428478717804,0.2873193323612213
753,0.3957350552082062,0.3401801288127899
754,0.4191356897354126,0.3925440013408661
755,0.4157388210296631,0.41099005937576294
756,0.395357608795166,0.39362832903862
757,0.3610115051269531,0.363372266292572
758,0.3349688649177551,0.32988372445106506
759,0.3127005100250244,0.3121916651725769
760,0.3164747953414917,0.2992958128452301
761,0.31949424743652344,0.2966412901878357
762,0.3191168010234833,0.2980344891548157
763,0.31232309341430664,0.30918392539024353
764,0.33459141850471497,0.3099188506603241
765,0.3259105384349823,0.3257201015949249
766,0.32515567541122437,0.31162846088409424
767,0.2949613034725189,0.3195136487483978
768,0.30100017786026,0.2958820164203644
769,0.31798452138900757,0.29854723811149597
770,0.3564823567867279,0.3225192725658417
771,0.3598792254924774,0.37912970781326294
772,0.3598792254924774,0.385897159576416
773,0.3647858202457428,0.3853733539581299
774,0.3719569742679596,0.3892451524734497
775,0.4074353575706482,0.39876964688301086
776,0.45159465074539185,0.45085591077804565
777,0.541800320148468,0.517828106880188
778,0.6055859327316284,0.6290550231933594
779,0.7441026568412781,0.7336124777793884
780,0.8580864071846008,0.8711392879486084
781,0.9230043292045593,0.9262393712997437
782,0.9433855414390564,0.9576605558395386
783,0.9426307082176208,0.9588948488235474
784,0.9324401021003723,0.9326182007789612
785,0.9214946031570435,0.9291651844978333
786,0.8350632190704346,0.9314457774162292
787,0.8516701459884644,0.8527357578277588
788,0.8807322382926941,0.8648636937141418
789,0.8652576208114624,0.8770508170127869
790,0.8395923972129822,0.8622106909751892
791,0.8244951963424683,0.851161777973175
792,0.8177014589309692,0.8271337151527405
793,0.8339309096336365,0.817168653011322
794,0.8663898706436157,0.8527892827987671
795,0.8675221800804138,0.878512442111969
796,0.8452538251876831,0.8636084198951721
797,0.8395923972129822,0.8298197388648987
798,0.811285138130188,0.8135190010070801
799,0.78524249792099,0.7724146246910095
800,0.7822230458259583,0.7521354556083679
801,0.7384412288665771,0.7586756348609924
802,0.716927707195282,0.7144240140914917
803,0.6856010556221008,0.6966550350189209
804,0.6421966552734375,0.6674172282218933
805,0.6097376942634583,0.6118438243865967
806,0.5682204365730286,0.5862012505531311
807,0.5202868580818176,0.5415869951248169
808,0.47499528527259827,0.488383412361145
809,0.4157388210296631,0.4494210183620453
810,0.37233439087867737,0.39098310470581055
811,0.3187393844127655,0.34565600752830505
812,0.2617475092411041,0.28140923380851746
813,0.2043781876564026,0.22163566946983337
814,0.14247971773147583,0.17543111741542816
815,0.0790715217590332,0.11353878676891327
816,0.019060200080275536,0.037951886653900146
817,-0.01792791113257408,-0.015668390318751335
818,-0.059445176273584366,-0.03947702795267105
819,-0.10360445082187653,-0.09178749471902847
820,-0.14663143455982208,-0.13853248953819275
821,-0.18399697542190552,-0.17093443870544434
822,-0.24023400247097015,-0.2093704342842102
823,-0.25570863485336304,-0.2629179060459137
824,-0.2998678982257843,-0.26314419507980347
825,-0.3149650990962982,-0.3150072991847992
826,-0.35119834542274475,-0.32096797227859497
827,-0.3798829913139343,-0.3525388836860657
828,-0.3979996144771576,-0.38499605655670166
829,-0.39988675713539124,-0.40814149379730225
830,-0.4002642035484314,-0.4075506627559662
831,-0.40819022059440613,-0.41310393810272217
832,-0.41989055275917053,-0.41048499941825867
833,-0.43649744987487793,-0.4160136282444
834,-0.43951690196990967,-0.4366435706615448
835,-0.44555577635765076,-0.4417541027069092
836,-0.463672399520874,-0.4475352466106415
837,-0.46442726254463196,-0.4647618234157562
838,-0.47273069620132446,-0.4636913239955902
839,-0.47650501132011414,-0.47241899371147156
840,-0.4874504506587982,-0.4764799177646637
841,-0.4874504506587982,-0.4818454086780548
842,-0.4757501482963562,-0.4707738757133484
843,-0.4700886905193329,-0.46613821387290955
844,-0.4572560787200928,-0.4626223146915436
845,-0.47159841656684875,-0.4459570050239563
846,-0.47650501132011414,-0.4533756375312805
847,-0.4572560787200928,-0.458776593208313
848,-0.43989431858062744,-0.44166886806488037
849,-0.4342328608036041,-0.4259739816188812
850,-0.42215511202812195,-0.4103187918663025
851,-0.36893752217292786,-0.3868904113769531
852,-0.36063408851623535,-0.32198795676231384
853,-0.37724098563194275,-0.3311428725719452
854,-0.38177013397216797,-0.3753941059112549
855,-0.3779958486557007,-0.37789782881736755
856,-0.39950934052467346,-0.37313055992126465
857,-0.4402717351913452,-0.3873247802257538
858,-0.5285903215408325,-0.43586620688438416
859,-0.5587846636772156,-0.5382136106491089
860,-0.579920768737793,-0.5798693895339966
861,-0.5625589489936829,-0.5907158255577087
862,-0.5670881271362305,-0.5520785450935364
863,-0.5399131774902344,-0.5350710153579712
864,-0.5153802633285522,-0.4988735616207123
865,-0.45612379908561707,-0.48397141695022583
866,-0.38780900835990906,-0.4202209711074829
867,-0.34289488196372986,-0.3505152761936188
868,-0.3232685327529907,-0.31860819458961487
869,-0.27571240067481995,-0.29720252752304077
870,-0.22023023664951324,-0.23711442947387695
871,-0.20249103009700775,-0.18211393058300018
872,-0.15418003499507904,-0.1638341248035431
873,-0.08133610337972641,-0.10356670618057251
874,-0.053783733397722244,-0.03205881267786026
875,-0.03679939731955528,-0.0046075573191046715
876,-0.006227589678019285,0.007379082031548023
877,0.05265144258737564,0.03629147633910179
878,0.07869409024715424,0.09488855302333832
879,0.11304019391536713,0.11746786534786224
880,0.12889224290847778,0.1523662805557251
881,0.17871296405792236,0.17468945682048798
882,0.22853368520736694,0.21735526621341705
883,0.242121160030365,0.27684932947158813
884,0.24627287685871124,0.28252992033958435
885,0.2549537718296051,0.2748910188674927
886,0.27344781160354614,0.28172680735588074
887,0.28967729210853577,0.3010711073875427
888,0.2836384177207947,0.3155774176120758
889,0.28401586413383484,0.32108569145202637
890,0.3127005100250244,0.31583866477012634
891,0.31005850434303284,0.32241955399513245
892,0.32666540145874023,0.3182375729084015
893,0.3130779266357422,0.3362067639827728
894,0.3081713616847992,0.31956619024276733
895,0.3285525441169739,0.3206338882446289
896,0.3225136697292328,0.3366985321044922
897,0.32024911046028137,0.331294983625412
898,0.30741649866104126,0.32376739382743835
899,0.28628042340278625,0.3084000051021576
900,0.2866578698158264,0.28628620505332947
901,0.31571996212005615,0.2808731198310852
902,0.27458012104034424,0.31131619215011597
903,0.2704283893108368,0.25732022523880005
904,0.23457255959510803,0.25215986371040344
905,0.21305906772613525,0.2084828019142151
906,0.21154934167861938,0.18905030190944672
907,0.19796188175678253,0.18361957371234894
908,0.16361577808856964,0.1765539050102234
909,0.13493111729621887,0.15608304738998413
910,0.14021512866020203,0.1214565709233284
911,0.15304774045944214,0.1229456216096878
912,0.13379882276058197,0.14376960694789886
913,0.13379882276058197,0.1491888165473938
914,0.1251179426908493,0.1472657322883606
915,0.10473674535751343,0.11025016754865646
916,0.10284959524869919,0.09406838566064835
917,0.11115305125713348,0.10047698020935059
918,0.12096621841192245,0.12095804512500763
919,0.12360823154449463,0.13670018315315247
920,0.1688997894525528,0.1428118199110031
921,0.23079825937747955,0.20552046597003937
922,0.34063029289245605,0.2917671799659729
923,0.5055670738220215,0.44790881872177124
924,0.6950368285179138,0.6455951929092407
925,0.7724099159240723,0.8129377365112305
926,0.7973202466964722,0.8148338198661804
927,0.8037365674972534,0.7965862154960632
